fecha,T2M,RH2M,PRECTOTCORR,ALLSKY_SFC_SW_DWN,VPD
2025-08-23,10.76,84.77,6.55,13.1,0.19675916699605964
2025-08-24,10.25,82.67,4.63,14.74,0.21639733963367117
2025-08-25,10.26,84.89,4.52,9.58,0.18880271791452025
2025-08-26,10.93,84.09,2.75,13.84,0.2078830083462869
2025-08-27,9.91,84.72,1.02,10.52,0.186504084412387
2025-08-28,9.82,84.37,2.4,12.55,0.1896277573934527
2025-08-29,10.52,84.62,2.51,16.79,0.19554327464802085
2025-08-30,10.64,83.62,0.16,18.97,0.2099309103397887
2025-08-31,10.94,83.75,3.95,14.36,0.2124667685713444
2025-09-01,10.5,85.22,3.01,14.14,0.1876641565332804
2025-09-02,9.91,84.19,4.48,8.72,0.19297313969632449
2025-09-03,10.67,84.47,0.34,12.53,0.19943547299361328
2025-09-04,10.12,81.8,0.01,14.08,0.22529269358949391
2025-09-05,9.62,81.72,0.0,13.96,0.21881922439834078
2025-09-06,9.55,84.19,9.7,9.29,0.18836366972426327
2025-09-07,10.48,84.3,8.33,13.48,0.19907962077182206
2025-09-08,10.08,83.16,0.64,15.42,0.20790008103145408
2025-09-09,11.13,85.31,5.68,12.51,0.19451042004267505
2025-09-10,11.04,84.89,7.43,12.39,0.1988791122255743
2025-09-11,10.77,84.31,0.92,10.84,0.2028370312573008
2025-09-12,10.62,81.11,0.02,12.97,0.24177720867423408
2025-09-13,10.68,82.47,2.22,12.55,0.22526945476906057
2025-09-14,10.7,81.46,2.16,19.21,0.23856621026557678
2025-09-15,10.28,85.35,3.72,11.64,0.18329987881603613
2025-09-16,10.64,84.69,0.19,10.83,0.19621747480477206
2025-09-17,10.82,86.01,0.89,11.91,0.1814628873815255
2025-09-18,10.9,85.84,0.92,13.34,0.1846483473668811
2025-09-19,11.11,88.67,3.05,13.63,0.14982151273418035
2025-09-20,11.02,85.98,0.46,12.19,0.18428733758261232
2025-09-21,11.69,81.62,1.18,19.39,0.25256873280112385
2025-09-22,12.03,79.87,3.72,19.21,0.28289510597956924
2025-09-23,11.57,86.52,6.86,16.31,0.18377113123638514
2025-09-24,10.65,84.53,14.09,12.73,0.1984002958323532
2025-09-25,11.07,83.31,2.09,12.76,0.22011351541802707
2025-09-26,11.18,84.36,0.23,12.25,0.20777794105794783
2025-09-27,11.35,82.52,0.0,16.95,0.2348557880842073
2025-09-28,11.15,83.24,1.42,18.42,0.22221419868316586
2025-09-29,11.24,83.29,3.64,15.88,0.22287856885381171
2025-09-30,11.02,83.47,3.29,15.67,0.21728029174326546
2025-10-01,11.28,85.99,8.44,14.58,0.18736234469039478
2025-10-02,10.59,85.01,7.51,15.84,0.19147682772578062
2025-10-03,9.65,84.44,6.01,10.55,0.18663561629716194
2025-10-04,10.83,82.71,3.24,14.48,0.22441619052059847
2025-10-05,10.79,81.78,6.09,18.43,0.23585824611935902
2025-10-06,9.88,83.45,4.41,11.6,0.20159937555981194
2025-10-07,10.13,82.9,5.98,17.52,0.21181785125670394
2025-10-08,10.64,84.99,18.85,15.05,0.19237258633701038
2025-10-09,11.12,86.23,12.25,14.6,0.1822076570844609
2025-10-10,11.01,87.54,15.82,13.48,0.16367293734924332
2025-10-11,11.63,87.62,4.1,15.01,0.16944618581513674
2025-10-12,11.49,87.51,5.99,12.05,0.16937534776132354
2025-10-13,10.71,87.76,4.78,12.05,0.1576049993977458
2025-10-14,11.0,87.09,2.13,15.78,0.16947139535856237
2025-10-15,11.43,87.52,2.23,18.12,0.1685685883381235
2025-10-16,10.75,89.57,33.96,13.79,0.1346573696879098
2025-10-17,11.02,87.36,5.42,15.16,0.16614778509587866
2025-10-18,10.74,87.2,2.8,13.96,0.165145411508191
2025-10-19,11.01,86.03,1.23,14.58,0.18350810070376639
2025-10-20,11.06,83.02,0.5,15.0,0.22378940799721497
2025-10-21,11.37,85.46,3.17,15.28,0.1956140033593162
2025-10-22,11.31,86.72,3.36,15.58,0.17795338218736573
2025-10-23,11.42,87.42,3.53,15.89,0.16980677291103818
2025-10-24,11.51,89.55,4.09,13.39,0.1418989230504392
2025-10-25,12.23,86.03,3.78,16.51,0.19892965450362324
2025-10-26,11.7,88.17,4.74,15.17,0.16266941183175465
2025-10-27,11.74,87.66,7.67,13.81,0.17013136050709665
2025-10-28,11.97,87.25,7.73,14.07,0.17847344841400595
2025-10-29,10.88,89.19,10.32,9.96,0.14077644311711104
2025-10-30,11.39,86.66,2.01,15.0,0.1797078162514176
2025-10-31,11.48,87.97,1.82,13.51,0.1630293625753718
2025-11-01,11.55,86.03,8.15,15.12,0.19019935178972167
2025-11-02,11.7,88.44,8.84,15.26,0.15895675408073415
2025-11-03,11.19,89.16,4.2,11.29,0.14410538995996222
2025-11-04,10.95,87.96,15.88,14.16,0.15752625383563074
2025-11-05,10.68,92.41,14.22,9.47,0.09753537716469887
2025-11-06,11.07,86.51,0.72,16.28,0.17791080425339628
2025-11-07,11.73,81.85,0.01,18.35,0.25006842761774895
2025-11-08,11.6,86.28,0.89,16.06,0.18741463001236125
2025-11-09,12.02,88.33,2.58,13.04,0.16389518747682974
2025-11-10,11.56,86.67,13.36,11.97,0.18160599144070683
2025-11-11,11.49,85.22,3.22,13.95,0.20042975499698676
2025-11-12,11.78,84.33,0.51,17.29,0.21661369297287927
2025-11-13,12.22,88.93,7.22,14.19,0.15753058573543244
2025-11-14,11.81,86.6,6.5,14.36,0.18560182303774947
2025-11-15,11.96,88.98,6.6,11.92,0.154155339782716
2025-11-16,11.57,89.03,12.55,12.52,0.1495526194112125
2025-11-17,11.28,90.7,7.09,13.76,0.12437329090797081
2025-11-18,11.2,88.59,5.57,11.58,0.15178358879518175
2025-11-19,11.82,87.95,3.62,14.6,0.16701338688996029
2025-11-20,11.39,87.28,10.67,17.25,0.17135557891439507
2025-11-21,12.48,86.01,0.79,16.54,0.2025162050814407
2025-11-22,12.37,85.82,9.03,14.25,0.20378814823877958
2025-11-23,12.22,86.45,8.83,11.66,0.19282199066983835
2025-11-24,11.88,87.63,4.92,9.88,0.17212907489746912
2025-11-25,11.81,88.24,4.87,11.62,0.16288637603909958
2025-11-26,11.63,88.97,2.13,12.76,0.15096861304854287
2025-11-27,12.23,87.48,6.01,12.7,0.17828198098678338
2025-11-28,12.09,87.47,3.4,12.49,0.1767869213328249
2025-11-29,11.8,85.46,0.67,17.03,0.20125886807499624
2025-11-30,11.84,85.39,2.18,15.06,0.20276265870376306
2025-12-01,11.23,85.97,1.01,21.44,0.18700852050871736
2025-12-02,11.36,85.61,0.19,23.04,0.19346771071158828
2025-12-03,11.57,83.03,0.13,24.09,0.23134985883393577
2025-12-04,11.26,83.04,0.1,12.44,0.22651340743120071
2025-12-05,10.64,85.61,1.71,21.75,0.18442648350363622
2025-12-06,11.39,83.24,7.48,23.64,0.22577983511047667
2025-12-07,11.11,83.28,1.42,23.19,0.22109582461743127
2025-12-08,10.26,85.31,1.16,24.56,0.18355472707904055
2025-12-09,10.95,82.99,6.99,23.4,0.22255162605847825
2025-12-10,12.09,85.06,2.74,14.6,0.21078983277832436
2025-12-11,11.84,87.87,1.01,17.86,0.1683443566103111
2025-12-12,11.55,89.13,1.23,14.83,0.1479933395815516
2025-12-13,11.65,86.12,2.21,14.88,0.19022825306613111
2025-12-14,12.54,84.97,3.96,17.64,0.21842999072615646
2025-12-15,12.33,85.57,3.79,21.51,0.20683629357182798
2025-12-16,12.24,86.28,2.35,18.04,0.19549833635901195
2025-12-17,12.04,85.67,3.18,14.03,0.20151813766598464
2025-12-18,12.07,87.07,1.97,10.22,0.1821902832668792
2025-12-19,11.18,87.84,7.25,18.2,0.1615460206690949
2025-12-20,11.1,88.04,6.97,15.18,0.1580472737174915
2025-12-21,12.05,86.56,3.97,17.55,0.18912697987112892
2025-12-22,12.47,84.5,0.45,19.56,0.2242272966258397
2025-12-23,12.19,86.82,0.55,21.44,0.18718669388145903
2025-12-24,11.79,90.05,3.87,16.34,0.1376343565795122
2025-12-25,10.57,89.21,2.8,17.66,0.1376438183270243
2025-12-26,10.99,84.15,0.19,18.03,0.20792692701607493
2025-12-27,10.98,87.85,12.48,16.28,0.15928285403168546
2025-12-28,11.27,83.98,1.2,15.09,0.2141009747997492
2025-12-29,11.47,83.27,0.82,18.7,0.22657321262956331
2025-12-30,11.45,86.61,1.25,12.12,0.18109979819815264
2025-12-31,11.64,85.05,6.0,11.62,0.2047573769336025
2026-01-01,10.72,87.26,8.7,11.07,0.16415244149225847
2026-01-02,11.29,85.05,0.84,17.53,0.20006604701008324
2026-01-03,11.94,85.58,1.43,16.15,0.2014509249878779
2026-01-04,11.48,86.78,9.27,15.37,0.1791561241268841
2026-01-05,11.43,85.31,4.29,15.88,0.19841927585633284
2026-01-06,11.57,88.42,1.4,13.91,0.15786867208585606
2026-01-07,11.85,87.57,12.14,17.44,0.17262179086658194
2026-01-08,12.38,86.3,5.87,13.62,0.1970192998015141
2026-01-09,10.98,90.03,6.54,10.39,0.13070370820542415
2026-01-10,10.97,89.27,1.85,12.58,0.14057358862819205
2026-01-11,11.72,87.78,14.28,11.31,0.1682544020555535
2026-01-12,11.38,90.85,13.06,11.56,0.12318120314012514
2026-01-13,11.72,89.06,3.38,12.85,0.15063037303500448
2026-01-14,11.66,89.35,7.85,10.4,0.14605698353973645
2026-01-15,11.25,88.89,3.3,12.93,0.14828391146554484
2026-01-16,11.43,87.21,2.75,13.83,0.1727557888497275
2026-01-17,10.82,87.47,5.74,12.94,0.16252537375915047
2026-01-18,11.85,87.04,0.77,18.22,0.17998217293892996
2026-01-19,12.3,87.11,3.77,17.36,0.18439807602873365
2026-01-20,11.99,88.76,5.03,18.97,0.15754425703871505
2026-01-21,12.48,84.99,2.13,15.02,0.21728150380789327
2026-01-22,11.74,88.09,8.56,7.85,0.16420295815555264
2026-01-23,11.02,87.25,0.91,13.5,0.16759369145351685
2026-01-24,12.15,90.14,12.59,12.91,0.13966659744679272
2026-01-25,11.1,91.83,3.8,12.84,0.10796373129363765
2026-01-26,11.08,90.53,3.64,13.06,0.12497664469074415
2026-01-27,11.68,89.09,6.92,13.48,0.14982066907942462
2026-01-28,10.94,89.8,13.65,11.77,0.13336375627247463
2026-01-29,10.11,90.91,8.84,8.34,0.1124472531359467
2026-01-30,11.37,89.15,2.26,13.34,0.14597055959068625
2026-01-31,11.43,90.18,6.77,13.11,0.1326397065288759
2026-02-01,11.17,91.55,23.0,11.46,0.11218405198534669
2026-02-02,10.86,88.22,10.94,12.16,0.15320453246898905
2026-02-03,10.52,89.45,5.37,13.31,0.1341340408021209
2026-02-04,10.61,90.7,4.89,12.69,0.11895337534736858
2026-02-05,10.91,87.23,0.85,15.81,0.1666333681445126
2026-02-06,11.62,90.28,19.68,17.28,0.13295056358898577
2026-02-07,10.65,92.43,13.32,9.31,0.09708404909184949
2026-02-08,11.4,86.41,2.13,14.89,0.18319700128111796
2026-02-09,11.73,89.39,0.47,19.65,0.14618325162668397
2026-02-10,12.43,86.67,4.42,17.97,0.19232935282231767
2026-02-11,12.32,88.17,4.91,12.88,0.16945700797010038
2026-02-12,10.91,90.11,12.67,11.96,0.1290527808104331
2026-02-13,10.29,90.39,9.49,8.77,0.12032013026117529
2026-02-14,11.06,92.26,10.07,11.96,0.10201001283265261
2026-02-15,11.15,90.65,7.26,11.05,0.12396794496942708
2026-02-16,10.6,91.06,10.24,11.99,0.11427250204730774
2026-02-17,11.01,91.16,8.09,11.54,0.11612108877747289
2026-02-18,11.01,91.13,12.23,14.22,0.11651516487060908
2026-02-19,11.16,89.63,6.29,12.96,0.13758303014676246
2026-02-20,11.13,88.47,1.9,14.36,0.15266883206889326
2026-02-21,10.9,89.22,2.52,11.95,0.14057268252930644
2026-02-22,11.57,89.86,5.13,13.9,0.1382373346244025
2026-02-23,11.91,91.16,10.16,14.33,0.12325275589528598
2026-02-24,11.2,89.5,16.56,12.55,0.13967814919802002
2026-02-25,9.29,91.69,5.93,8.6,0.09728908060600293
2026-02-26,10.81,88.71,1.48,14.2,0.14634400321352423
2026-02-27,11.88,86.58,1.82,19.15,0.18673986945222593
2026-02-28,12.45,89.29,37.21,15.26,0.1547303893354222
2026-03-01,12.87,89.5,13.65,18.46,0.15593357180730463
2026-03-02,12.43,89.52,4.0,19.23,0.1512086734867134
2026-03-03,11.58,85.47,2.34,15.3,0.19821675463540908
2026-03-04,11.62,90.49,22.44,12.56,0.13007817486947082
2026-03-05,11.98,92.23,2.43,8.73,0.10883557549418556
2026-03-06,11.64,91.88,1.42,10.45,0.11121270238801688
2026-03-07,11.25,91.18,1.39,12.92,0.117719540875437
2026-03-08,11.38,90.13,11.12,13.84,0.13287415027246283
2026-03-09,12.31,88.81,3.59,13.11,0.16018403405246384
2026-03-10,10.58,93.2,8.46,10.36,0.08680282376567747
2026-03-11,11.29,86.86,9.3,11.0,0.17584400386036733
2026-03-12,11.36,90.45,8.71,10.15,0.12839587472520267
2026-03-13,12.22,91.34,2.76,14.59,0.12323530916611077
2026-03-14,11.44,93.13,6.34,15.32,0.09285525255618378
2026-03-15,11.11,91.81,3.63,17.36,0.10829992844597855
2026-03-16,12.56,89.22,1.05,20.56,0.1568708579719008
2026-03-17,10.38,92.86,2.11,14.34,0.08993427457752846
2026-03-18,11.5,82.91,0.17,16.97,0.23190886986678247
2026-03-19,11.66,83.06,1.19,23.53,0.23231974658808777
2026-03-20,11.89,89.91,0.75,20.14,0.14049547507149768
2026-03-21,12.05,86.99,0.07,16.5,0.18307604227108557
2026-03-22,12.59,86.54,0.05,16.12,0.19625635839297878
2026-03-23,10.92,92.47,3.25,10.75,0.0983229572424047
2026-03-24,11.98,85.22,1.3,14.03,0.20702571503269795
2026-03-25,11.59,88.83,1.13,9.83,0.15248083003203772
2026-03-26,11.05,86.0,0.63,14.03,0.1843916804269507
2026-03-27,10.5,90.72,0.85,12.47,0.11782972751210023
2026-03-28,11.62,90.79,3.38,14.54,0.12597476241302047
2026-03-29,10.89,89.93,2.34,16.42,0.13122685332828288
2026-03-30,10.21,92.37,5.98,13.3,0.0950202056304081
2026-03-31,10.76,86.95,1.42,16.16,0.16859534663812065
2026-04-01,11.92,85.39,5.69,21.89,0.2038361259121293
2026-04-02,11.38,90.45,4.75,20.45,0.1285661737692015
2026-04-03,11.55,84.89,5.42,15.66,0.20572027240821014
2026-04-04,11.99,88.09,11.98,16.34,0.16693524033194812
2026-04-05,11.92,89.92,6.24,13.53,0.14063437023916928
2026-04-06,11.75,89.28,0.7,14.4,0.14789413747774974
2026-04-07,11.53,88.02,4.24,14.63,0.16289005949204033
2026-04-08,11.5,88.83,13.34,14.37,0.1515753116683417
2026-04-09,11.72,87.14,3.18,11.45,0.1770664165658281
2026-04-10,11.4,85.46,0.08,15.24,0.19600326700717116
2026-04-11,11.67,86.38,2.19,15.63,0.18691190747992453
2026-04-12,11.54,84.37,3.23,15.64,0.21265920436769306
2026-04-13,12.21,89.44,2.96,15.37,0.1501741930295554
2026-04-14,12.66,89.31,6.75,17.88,0.15658529276804717
2026-04-15,11.81,88.85,4.62,14.64,0.1544373378261871
2026-04-16,12.17,89.3,5.86,12.74,0.15176492944443606
2026-04-17,11.88,88.63,3.26,13.27,0.15821403246436733
2026-04-18,12.05,89.17,8.32,17.07,0.1523991958336552
2026-04-19,12.47,86.6,5.22,14.5,0.19384811450233883
2026-04-20,12.2,85.51,1.21,14.31,0.20592727522051998
2026-04-21,12.74,88.73,0.42,14.73,0.16594926768028165
2026-04-22,12.38,87.11,3.09,14.26,0.18537071346288442
2026-04-23,11.31,89.27,9.97,14.54,0.14378311678241226
2026-04-24,11.86,81.35,4.5,15.89,0.2591731638114404
2026-04-25,11.33,89.46,3.69,16.24,0.14142450352980337
2026-04-26,11.31,85.09,11.89,13.84,0.1997955518383752
2026-04-27,12.12,88.52,7.62,9.82,0.1622928329400509
2026-04-28,11.33,85.87,7.38,16.11,0.18959470919128277
2026-04-29,11.46,87.7,10.69,15.97,0.16646775725858312
2026-04-30,12.01,87.5,2.64,15.51,0.1754361230297655
2026-05-01,11.52,88.89,26.58,10.61,0.15096085847642587
2026-05-02,10.8,85.12,4.16,8.77,0.19275017605538924
2026-05-03,10.9,88.92,5.34,11.3,0.14448472378707936
2026-05-04,10.98,89.94,3.52,12.34,0.13188358119825147
2026-05-05,11.67,87.54,10.93,14.62,0.170992831659314
2026-05-06,11.5,88.67,2.89,12.66,0.15374648891694814
2026-05-07,11.95,87.05,2.53,14.92,0.1810340518631146
2026-05-08,12.4,86.1,1.25,15.36,0.2001584640078534
2026-05-09,12.46,87.92,7.13,11.77,0.17463786398540002
2026-05-10,12.3,89.02,2.87,10.0,0.15707454420446046
2026-05-11,12.34,89.46,15.97,11.13,0.1511773157862155
2026-05-12,12.05,88.23,3.39,13.28,0.1656268268663085
2026-05-13,12.0,86.93,1.0,15.04,0.1833150982072371
2026-05-14,12.25,85.74,0.45,18.0,0.2033266426731758
2026-05-15,12.2,88.55,4.59,15.2,0.16272376130261948
2026-05-16,12.42,88.06,8.64,14.02,0.17216083088546028
2026-05-17,12.09,88.71,5.76,11.77,0.1592916473940619
2026-05-18,12.03,88.5,4.05,13.56,0.1616141936793367
2026-05-19,11.84,85.37,1.96,12.75,0.20304022565612959
2026-05-20,12.13,85.73,5.21,17.9,0.20186801421304895
2026-05-21,12.65,88.13,7.12,12.42,0.17375571975206863
2026-05-22,11.8,86.95,3.6,13.19,0.18063467870555008
2026-05-23,11.75,86.63,5.51,14.02,0.18445378899976822
2026-05-24,12.14,86.47,2.02,16.66,0.19152584891480148
2026-05-25,12.05,86.92,3.17,14.78,0.1840610786245809
2026-05-26,11.84,85.77,4.82,15.23,0.1974888866087988
2026-05-27,11.76,86.14,3.07,16.27,0.19134025087329715
2026-05-28,11.69,87.52,2.67,13.52,0.17149389474200363
2026-05-29,12.13,85.85,0.37,14.19,0.20017045557916227
2026-05-30,11.78,89.27,0.11,10.48,0.14832577700057403
2026-05-31,12.13,86.76,0.05,14.36,0.18729730260551988
2026-06-01,12.17,86.12,7.25,13.82,0.19686889912979175
2026-06-02,12.15,88.35,10.68,13.67,0.16502189252080482
2026-06-03,11.68,88.1,8.63,12.2,0.16341576187398305
2026-06-04,11.5,88.08,2.36,10.37,0.16175270502118463
2026-06-05,11.07,89.92,3.01,9.55,0.1329385401685868
2026-06-06,10.6,89.97,2.56,7.82,0.1282050554289148
2026-06-07,11.0,88.94,5.35,14.48,0.14518618378510462
2026-06-08,11.72,91.51,3.79,12.22,0.11689687998786
2026-06-09,12.1,91.7,6.33,5.42,0.11718264799615846
2026-06-10,12.95,85.28,2.76,20.44,0.21975181773208213
2026-06-11,13.33,85.65,9.33,19.17,0.2196139110419034
2026-06-12,12.14,87.07,6.05,13.34,0.1830324631536131
2026-06-13,11.8,87.24,8.62,9.1,0.17662057473431578
2026-06-14,10.85,86.48,8.16,11.09,0.17571708687759086
2026-06-15,10.51,84.72,5.5,18.6,0.1941422634616256
2026-06-16,9.6,84.59,2.05,11.19,0.1842162923017209
2026-06-17,10.14,86.92,3.43,12.24,0.16213056511272492
2026-06-18,10.87,87.42,6.03,,0.16371782315589456
2026-06-19,10.87,86.38,7.58,17.03,0.17725252395733587
2026-06-20,10.54,85.99,1.96,10.74,0.1783627834911135
2026-06-21,11.07,87.45,5.22,10.77,0.16551375784878605
2026-06-22,10.75,85.61,0.22,11.27,0.18578327419070198
2026-06-23,10.76,84.96,0.36,14.1,0.19430452210247792
2026-06-24,11.2,86.43,1.58,15.87,0.1805173794873458
2026-06-25,11.23,87.43,3.99,16.62,0.16754790468956351
2026-06-26,10.94,87.16,5.65,12.27,0.167881434366527
2026-06-27,10.84,86.22,19.1,9.93,0.1789771042233528
2026-06-28,10.21,84.14,3.04,16.75,0.19751251131038974
2026-06-29,9.94,84.32,1.56,11.78,0.19177175725303153
2026-06-30,11.3,85.26,1.0,15.46,0.19738660629553756
2026-07-01,11.18,86.0,3.89,9.19,0.18599048432297124
2026-07-02,10.88,85.48,2.52,9.43,0.1890910225772852
2026-07-03,10.63,85.2,0.96,7.14,0.18955475079574036
2026-07-04,11.1,86.14,6.81,12.38,0.18315511820438402
2026-07-05,11.57,85.63,0.62,19.86,0.19590438841742244
2026-07-06,10.8,83.12,1.67,15.69,0.21865745778326418
2026-07-07,11.6,84.99,3.55,12.98,0.20503597642022908
2026-07-08,11.96,85.59,1.26,12.38,0.201576991494459
2026-07-09,11.71,86.54,0.63,13.85,0.18520523663899272
2026-07-10,11.55,86.65,0.11,10.75,0.18175814934808765
2026-07-11,11.17,86.04,0.59,10.95,0.18533601961129453
2026-07-12,10.65,85.57,0.63,8.16,0.18506246081841365
2026-07-13,10.94,85.9,1.08,11.86,0.18435578072959719
2026-07-14,11.01,84.39,6.03,16.62,0.20505092712854653
2026-07-15,11.6,85.51,2.88,14.59,0.19793279802325897
2026-07-16,11.51,85.06,1.02,15.59,0.20286793400703926
2026-07-17,11.23,86.02,7.18,12.69,0.186342061062856
2026-07-18,11.32,84.82,1.32,10.17,0.20354849466340721
2026-07-19,10.78,88.23,6.37,14.21,0.15226145358417173
2026-07-20,11.44,83.81,0.2,18.14,0.21882482370955061
2026-07-21,11.76,85.55,6.98,14.25,0.1994853264876729
2026-07-22,11.61,87.95,1.64,19.51,0.1647114182064679
2026-07-23,11.29,88.2,5.52,8.61,0.15791166252300876
2026-07-24,11.17,84.98,0.3,8.87,0.19940881193134993
2026-07-25,10.97,85.19,1.63,15.05,0.19402561487264894
2026-07-26,10.67,85.52,0.9,10.92,0.18595142620396143
2026-07-27,10.79,84.72,4.09,18.07,0.19779989026914416
2026-07-28,10.6,83.44,3.01,14.94,0.21167255412789907
2026-07-29,10.75,78.55,0.58,21.07,0.27693198272345776
2026-07-30,11.36,85.46,17.45,13.63,0.19548439984339783
2026-07-31,10.7,81.47,3.31,11.87,0.2384375337767604
2026-08-01,12.4,87.5,2.19,14.89,0.17999861871209835
2026-08-02,12.47,89.33,5.62,12.56,0.15435517774178772
2026-08-03,12.0,88.0,3.41,12.82,0.16830766476563475
2026-08-04,12.14,91.36,7.35,10.67,0.122304754961115
2026-08-05,12.6,89.44,4.24,12.25,0.15407337780019717
2026-08-06,12.66,87.9,2.46,15.04,0.1772387317580328
2026-08-07,12.83,87.61,3.58,14.69,0.18352021930990184
2026-08-08,12.79,92.2,10.1,13.64,0.11523094863933969
2026-08-09,13.03,88.6,7.24,14.39,0.17108124500817465
2026-08-10,12.78,84.67,1.73,14.87,0.22632478310940415
2026-08-11,12.03,88.4,5.64,10.03,0.1630195344939396
2026-08-12,11.55,83.88,0.51,16.82,0.21947126348248494
2026-08-13,11.28,85.45,1.77,11.59,0.19458401964634142
2026-08-14,12.34,87.03,3.04,10.19,0.18603128897032398
2026-08-15,12.08,91.92,8.15,9.85,0.11392636644704889
2026-08-16,13.0,90.49,16.96,8.5,0.1424380128521885
2026-08-17,13.61,91.29,21.58,15.63,0.13575341828081317
2026-08-18,13.65,88.49,4.61,11.64,0.17986165913360508
2026-08-19,12.76,89.55,5.14,10.67,0.15407672088666818
2026-08-20,12.4,88.77,4.99,11.24,0.16171075905094925
2026-08-21,13.09,86.82,3.44,15.27,0.1985713879242695
2026-08-22,12.89,87.2,4.32,,0.19033954132950123
